starting,filename,url
https://storage.googleapis.com/deepmind-gutenberg/train/,10.txt,https://storage.googleapis.com/deepmind-gutenberg/train/10.txt
https://storage.googleapis.com/deepmind-gutenberg/train/,100.txt,https://storage.googleapis.com/deepmind-gutenberg/train/100.txt
https://storage.googleapis.com/deepmind-gutenberg/train/,10002.txt,https://storage.googleapis.com/deepmind-gutenberg/train/10002.txt
https://storage.googleapis.com/deepmind-gutenberg/train/,10003.txt,https://storage.googleapis.com/deepmind-gutenberg/train/10003.txt
https://storage.googleapis.com/deepmind-gutenberg/train/,10004.txt,https://storage.googleapis.com/deepmind-gutenberg/train/10004.txt
https://storage.googleapis.com/deepmind-gutenberg/train/,10005.txt,https://storage.googleapis.com/deepmind-gutenberg/train/10005.txt
https://storage.googleapis.com/deepmind-gutenberg/train/,10006.txt,https://storage.googleapis.com/deepmind-gutenberg/train/10006.txt
https://storage.googleapis.com/deepmind-gutenberg/train/,10007.txt,https://storage.googleapis.com/deepmind-gutenberg/train/10007.txt
https://storage.googleapis.com/deepmind-gutenberg/train/,10008.txt,https://storage.googleapis.com/deepmind-gutenberg/train/10008.txt
https://storage.googleapis.com/deepmind-gutenberg/train/,10009.txt,https://storage.googleapis.com/deepmind-gutenberg/train/10009.txt
https://storage.googleapis.com/deepmind-gutenberg/train/,1001.txt,https://storage.googleapis.com/deepmind-gutenberg/train/1001.txt
https://storage.googleapis.com/deepmind-gutenberg/train/,10010.txt,https://storage.googleapis.com/deepmind-gutenberg/train/10010.txt
https://storage.googleapis.com/deepmind-gutenberg/train/,10011.txt,https://storage.googleapis.com/deepmind-gutenberg/train/10011.txt
https://storage.googleapis.com/deepmind-gutenberg/train/,10012.txt,https://storage.googleapis.com/deepmind-gutenberg/train/10012.txt
https://storage.googleapis.com/deepmind-gutenberg/train/,10013.txt,https://storage.googleapis.com/deepmind-gutenberg/train/10013.txt
https://storage.googleapis.com/deepmind-gutenberg/train/,10014.txt,https://storage.googleapis.com/deepmind-gutenberg/train/10014.txt
https://storage.googleapis.com/deepmind-gutenberg/train/,10015.txt,https://storage.googleapis.com/deepmind-gutenberg/train/10015.txt
https://storage.googleapis.com/deepmind-gutenberg/train/,10016.txt,https://storage.googleapis.com/deepmind-gutenberg/train/10016.txt
https://storage.googleapis.com/deepmind-gutenberg/train/,10017.txt,https://storage.googleapis.com/deepmind-gutenberg/train/10017.txt
https://storage.googleapis.com/deepmind-gutenberg/train/,10018.txt,https://storage.googleapis.com/deepmind-gutenberg/train/10018.txt
https://storage.googleapis.com/deepmind-gutenberg/train/,10019.txt,https://storage.googleapis.com/deepmind-gutenberg/train/10019.txt
https://storage.googleapis.com/deepmind-gutenberg/train/,1002.txt,https://storage.googleapis.com/deepmind-gutenberg/train/1002.txt
https://storage.googleapis.com/deepmind-gutenberg/train/,10020.txt,https://storage.googleapis.com/deepmind-gutenberg/train/10020.txt
https://storage.googleapis.com/deepmind-gutenberg/train/,10021.txt,https://storage.googleapis.com/deepmind-gutenberg/train/10021.txt
https://storage.googleapis.com/deepmind-gutenberg/train/,10023.txt,https://storage.googleapis.com/deepmind-gutenberg/train/10023.txt
https://storage.googleapis.com/deepmind-gutenberg/train/,10024.txt,https://storage.googleapis.com/deepmind-gutenberg/train/10024.txt
https://storage.googleapis.com/deepmind-gutenberg/train/,10025.txt,https://storage.googleapis.com/deepmind-gutenberg/train/10025.txt
https://storage.googleapis.com/deepmind-gutenberg/train/,10026.txt,https://storage.googleapis.com/deepmind-gutenberg/train/10026.txt
https://storage.googleapis.com/deepmind-gutenberg/train/,10027.txt,https://storage.googleapis.com/deepmind-gutenberg/train/10027.txt
https://storage.googleapis.com/deepmind-gutenberg/train/,10028.txt,https://storage.googleapis.com/deepmind-gutenberg/train/10028.txt
https://storage.googleapis.com/deepmind-gutenberg/train/,10029.txt,https://storage.googleapis.com/deepmind-gutenberg/train/10029.txt
https://storage.googleapis.com/deepmind-gutenberg/train/,1003.txt,https://storage.googleapis.com/deepmind-gutenberg/train/1003.txt
https://storage.googleapis.com/deepmind-gutenberg/train/,10030.txt,https://storage.googleapis.com/deepmind-gutenberg/train/10030.txt
https://storage.googleapis.com/deepmind-gutenberg/train/,10031.txt,https://storage.googleapis.com/deepmind-gutenberg/train/10031.txt
https://storage.googleapis.com/deepmind-gutenberg/train/,10032.txt,https://storage.googleapis.com/deepmind-gutenberg/train/10032.txt
https://storage.googleapis.com/deepmind-gutenberg/train/,10033.txt,https://storage.googleapis.com/deepmind-gutenberg/train/10033.txt
https://storage.googleapis.com/deepmind-gutenberg/train/,10034.txt,https://storage.googleapis.com/deepmind-gutenberg/train/10034.txt
https://storage.googleapis.com/deepmind-gutenberg/train/,10035.txt,https://storage.googleapis.com/deepmind-gutenberg/train/10035.txt
https://storage.googleapis.com/deepmind-gutenberg/train/,10036.txt,https://storage.googleapis.com/deepmind-gutenberg/train/10036.txt
https://storage.googleapis.com/deepmind-gutenberg/train/,10037.txt,https://storage.googleapis.com/deepmind-gutenberg/train/10037.txt
https://storage.googleapis.com/deepmind-gutenberg/train/,10038.txt,https://storage.googleapis.com/deepmind-gutenberg/train/10038.txt
https://storage.googleapis.com/deepmind-gutenberg/train/,10039.txt,https://storage.googleapis.com/deepmind-gutenberg/train/10039.txt
https://storage.googleapis.com/deepmind-gutenberg/train/,1004.txt,https://storage.googleapis.com/deepmind-gutenberg/train/1004.txt
https://storage.googleapis.com/deepmind-gutenberg/train/,10041.txt,https://storage.googleapis.com/deepmind-gutenberg/train/10041.txt
https://storage.googleapis.com/deepmind-gutenberg/train/,10043.txt,https://storage.googleapis.com/deepmind-gutenberg/train/10043.txt
https://storage.googleapis.com/deepmind-gutenberg/train/,10044.txt,https://storage.googleapis.com/deepmind-gutenberg/train/10044.txt
https://storage.googleapis.com/deepmind-gutenberg/train/,10045.txt,https://storage.googleapis.com/deepmind-gutenberg/train/10045.txt
https://storage.googleapis.com/deepmind-gutenberg/train/,10046.txt,https://storage.googleapis.com/deepmind-gutenberg/train/10046.txt
https://storage.googleapis.com/deepmind-gutenberg/train/,10047.txt,https://storage.googleapis.com/deepmind-gutenberg/train/10047.txt
https://storage.googleapis.com/deepmind-gutenberg/train/,10049.txt,https://storage.googleapis.com/deepmind-gutenberg/train/10049.txt